{"Training Loss": 0.25971694737672807, "Epoch": 1049, "_timestamp": 1695898872.1698968, "_runtime": 190.16346383094788, "_step": 3146, "Validation Loss": 18.363858833909035, "Validation Accuracy": 81.46067415730337, "_wandb": {"runtime": 8769}}