{"Training Loss": 0.487840132912, "Epoch": 19, "_timestamp": 1695714867.803596, "_runtime": 8.458511114120483, "_step": 56, "Validation Loss": 0.4872354120016098, "Validation Accuracy": 76.96629213483146, "_wandb": {"runtime": 29}}