{"Training Loss": 0.18309724008043607, "Epoch": 1000, "_timestamp": 1695707175.724662, "_runtime": 108.30098009109497, "_step": 4003, "Validation Accuracy": 78.65168539325843, "_wandb": {"runtime": 583}}