{"Training Loss": 0.2372950175317884, "Epoch": 1034, "_timestamp": 1695895076.752647, "_runtime": 177.58083581924438, "_step": 3101, "Validation Loss": 3.834235527863104, "Validation Accuracy": 76.96629213483146, "_wandb": {"runtime": 2821}}