{"Training Loss": 0.5517055398888058, "Epoch": 10, "_timestamp": 1695706570.776972, "_runtime": 5.859138011932373, "_step": 43, "Validation Accuracy": 73.03370786516854, "_wandb": {"runtime": 395}}