{"Training Loss": 0.07989094667460045, "Epoch": 29397, "_timestamp": 1695708430.694331, "_runtime": 750.9183440208435, "_step": 29396, "_wandb": {"runtime": 741}}