{"Training Loss": 0.5142784595489502, "Epoch": 19, "_timestamp": 1695891127.342946, "_runtime": 7.783990144729614, "_step": 56, "Validation Loss": 0.5117548902829488, "Validation Accuracy": 76.40449438202246, "_wandb": {"runtime": 3751}}