{"Training Loss": 0.22504944426731932, "Epoch": 10000, "_timestamp": 1695709638.43712, "_runtime": 1169.5321998596191, "_step": 79999, "Validation Accuracy": 70.2247191011236, "_wandb": {"runtime": 80668}}