{"Training Loss": 0.549016781648, "Epoch": 10, "_timestamp": 1695706975.1809201, "_runtime": 6.0332112312316895, "_step": 43, "Validation Accuracy": 74.15730337078652, "_wandb": {"runtime": 4}}