{"Training Loss": 0.3209188179837333, "Epoch": 18735, "_timestamp": 1695718019.472165, "_runtime": 3060.209170103073, "_step": 37469, "Validation Accuracy": 79.21348314606742, "_wandb": {"runtime": 3060}}